{
    "type 1": {
        "Ai": 0.0,
        "Ao": 0.0,
        "EAi": 8.870334730839383e-06,
        "EAo": 8.870334730839383e-06,
        "Ei": 8.870334730839383e-06,
        "Eo": 8.870334730839383e-06
    }
}