{
    "type 1": {
        "k_1f": 9.066148879032054, 
        "k_1r": 4.0774651998126355e-28, 
        "k_2f": 3.8472004801913737e-07, 
        "k_2r": 1.3411415864610834e-05, 
        "k_3f": 7340.1645633011485, 
        "k_3r": 0.1417231449343266, 
        "k_4f": 3455.7338437138555, 
        "k_4r": 9679.823467432494
    }
}