{
    "type 1": {
        "k_1f": 6.287469450571338, 
        "k_1r": 4.029898808608267e-06, 
        "k_2f": 6.400695562856155e-07, 
        "k_2r": 0.9782930884153139, 
        "k_3f": 4250.728193274253, 
        "k_3r": 1.0834148901655054, 
        "k_4f": 2132.7614025132766, 
        "k_4r": 1022.3965392196078
    }
}