{
    "p1": 0.00017504893642759158, 
    "p2": 0.0009291019311863649, 
    "p3": 0.0067134360430580724, 
    "p4": 0.0015350114311414858, 
    "p5": 89.41519393405802, 
    "p6": 0.006062818357166045
}