{
    "Family 1": {
        "p1": 8.259589121178514, 
        "p2": 0.4657249293118996, 
        "p3": 0.7307009832421208, 
        "p4": 0.637990340444263, 
        "p5": 0.637990340444263, 
        "p6": 0.7307009832421208
    }
}