{
    "J_Gl_SGLT_SGLT1": {
        "kf": 0.647352377784473, 
        "kr": 10.789206255809654
    }, 
    "J_Na_SGLT_SGLT1": {
        "kf": 1.0537671758687692, 
        "kr": 0.9398323867797539
    }
}