{
    "Glut1": {
        "k_1f": 8.107475265246773,
        "k_1r": 4.7153771885571254e-27,
        "k_2f": 8.773463129734582e-06,
        "k_2r": 0.0050434935112165565,
        "k_3f": 1390.6462696787207,
        "k_3r": 0.026061344110448827,
        "k_4f": 861.9243857014527,
        "k_4r": 1176.2992005882502
    },
    "Glut2": {
        "k_1f": 7.107475265246773,
        "k_1r": 3.7153771885571254e-27,
        "k_2f": 9.773463129734582e-06,
        "k_2r": 5.0050434935112165565,
        "k_3f": 1380.6462696787207,
        "k_3r": 0.126061344110448827,
        "k_4f": 851.9243857014527,
        "k_4r": 1276.2992005882502
    },
    "Glut3": {
        "k_1f": 9.107475265246773,
        "k_1r": 5.7153771885571254e-27,
        "k_2f": 9.773463129734582e-06,
        "k_2r": 0.0150434935112165565,
        "k_3f": 1360.6462696787207,
        "k_3r": 0.056061344110448827,
        "k_4f": 865.9243857014527,
        "k_4r": 1179.2992005882502
    }
}