{
    "Glut1": {
        "Ai": 0.005,
        "Ao": 0.011,
        "EAi": 4.1167089803774087e-07,
        "EAo": 4.1167089803774087e-07,
        "Ei": 4.1167089803774087e-07,
        "Eo": 4.1167089803774087e-07
    },
    "Glut2": {
        "Ai": 0.01,
        "Ao": 0.011,
        "EAi": 3.1167089803774087e-05,
        "EAo": 3.1167089803774087e-05,
        "Ei": 3.1167089803774087e-05,
        "Eo": 3.1167089803774087e-05
    },
    "Glut3": {
        "Ai": 0.01,
        "Ao": 0.011,
        "EAi": 1.1167089803774087e-05,
        "EAo": 1.1167089803774087e-05,
        "Ei": 1.1167089803774087e-05,
        "Eo": 1.1167089803774087e-05
    }
}